INT_ce69c331-1b00-487c-a4c0-72f0dd91e0d9	circa_instans.xml	Circa instans	genreLevel1: proza; subgenreLevel1: artesliteratuur; subgenreLevel1: geneeskunde
INT_0ed010b3-ef3b-45c8-a329-e6bf40f70f46	kopenhaagse_trotula.xml	Kopenhaagse trotula	genreLevel1: proza; subgenreLevel1: artesliteratuur; subgenreLevel1: geneeskunde
INT_20fddc93-1a95-46dd-a422-12a5b30b71a0	vanden_proprieteyten_der_dinghen.xml	Van den proprieteyten der dingen	genre: artesliteratuur; subgenre: encyclopedie
INT_30bb450a-3d52-4303-8699-263290afbecd	hattem_01._43_kwade_dagen_slash_esdras-prognose.xml	01. 43 Kwade dagen / Esdras-prognose	genreLevel1: proza; subgenreLevel1: artesliteratuur; subgenreLevel1: geneeskunde; genreLevel2: proza; subgenreLevel2: artesliteratuur
INT_64777abb-cc18-47f8-99d4-c68c66bd8c45	hattem_02._prozavertaling_secreta_secretorum_.xml	02. Prozavertaling 'Secreta Secretorum'	genreLevel1: proza; subgenreLevel1: artesliteratuur; genreLevel2: proza; subgenreLevel2: artesliteratuur
INT_287c0d39-80d6-4462-9d27-6f927bde8c2c	hattem_03._diverse_teksten_vnl._latijn.xml	03. Diverse teksten, vnl. Latijn	genreLevel1: proza; subgenreLevel1: artesliteratuur; genreLevel2: proza; subgenreLevel2: artesliteratuur
INT_adc326be-5b7a-4b70-b41e-5d9547496b6f	hattem_04._diverse_teksten_frans.xml	04. Diverse teksten, Frans	genreLevel1: proza; genreLevel2: proza; subgenreLevel1: artesliteratuur; subgenreLevel2: artesliteratuur
INT_017b84b9-3fcd-431f-a67c-e284e60e60ab	hattem_05._wijnrecepten_slash_medisch_handboek.xml	05. Wijnrecepten / Medisch handboek	genreLevel1: proza; genreLevel2: proza; subgenreLevel1: artesliteratuur; subgenreLevel2: artesliteratuur
INT_f255933d-7d26-4a4e-a0eb-04f9c2cc98bd	hattem_06._alchemistische_en_technische_recepten.xml	06. Alchemistische en technische recepten	genreLevel1: proza; genreLevel2: proza; subgenreLevel1: artesliteratuur; subgenreLevel2: artesliteratuur
INT_2ae52ea9-f743-4f3a-8273-21ae218a0114	hattem_07._traktaat_over_edele_metalen.xml	07. Traktaat over edele metalen	genreLevel1: proza; genreLevel2: proza; subgenreLevel1: artesliteratuur; subgenreLevel2: artesliteratuur
INT_0e0f2055-2b06-41c6-8377-171ec29540da	hattem_08._kunstboek.xml	08. Kunstboek	genreLevel1: proza; genreLevel2: proza; subgenreLevel1: artesliteratuur; subgenreLevel2: artesliteratuur
INT_9f5efae4-8946-4d65-8925-042490bdca8f	hattem_09._flebotomie_laatste_bladzijde_latijn.xml	09. Flebotomie, laatste bladzijde Latijn	genreLevel1: proza; genreLevel2: proza; subgenreLevel1: artesliteratuur; subgenreLevel2: artesliteratuur
INT_5d4ce969-8987-403f-b6f6-870e2c234028	hattem_10._pesttraktaat_slash_zalfrecepten_slash_chirurgie.xml	10. Pesttraktaat / Zalfrecepten / Chirurgie	genreLevel1: proza; genreLevel2: proza; subgenreLevel1: artesliteratuur; subgenreLevel2: artesliteratuur
INT_2736af1b-9bde-45cd-a84e-dfd71fdf6093	hattem_11._chirurgische_recepten_slash_ogentraktaat.xml	11. Chirurgische recepten / Ogentraktaat	genreLevel1: proza; genreLevel2: proza; subgenreLevel1: artesliteratuur; subgenreLevel2: artesliteratuur
INT_59273dbb-271e-4138-b28e-80da603d27c3	hattem_12._alfabetische_herbarius_.xml	12. Alfabetische 'Herbarius'	genreLevel1: proza; genreLevel2: proza; subgenreLevel1: artesliteratuur; subgenreLevel2: artesliteratuur
INT_e043d2ea-602a-4d95-ac4b-76d3c0995329	hattem_13._traktaat_over_huidziekten.xml	13. Traktaat over huidziekten	genreLevel1: proza; genreLevel2: proza; subgenreLevel1: artesliteratuur; subgenreLevel2: artesliteratuur
INT_92f971ba-95f7-4c57-bae3-61ec1619d73b	hattem_14._medisch_handboek_avicenna_cap._16.xml	14. Medisch handboek Avicenna Cap. 16	genreLevel1: proza; genreLevel2: proza; subgenreLevel1: artesliteratuur; subgenreLevel2: artesliteratuur
INT_167bfd5b-69e2-4e25-9532-527e171d0f1e	hattem_15._medicinale_wateren_slash_brandewijn.xml	15. Medicinale wateren / Brandewijn	genreLevel1: proza; genreLevel2: proza; subgenreLevel1: artesliteratuur; subgenreLevel2: artesliteratuur
INT_7125d1bf-3902-489d-a0c2-4dc95f618581	hattem_16._medisch_handboek.xml	16. Medisch handboek	genreLevel1: proza; genreLevel2: proza; subgenreLevel1: artesliteratuur; subgenreLevel2: artesliteratuur
INT_41fdafa7-11a4-456b-817b-be6270d7b611	hattem_17._diverse_korte_teksten_doorlopend.xml	17. Diverse korte teksten, doorlopend	genreLevel1: proza; genreLevel2: proza; subgenreLevel1: artesliteratuur; subgenreLevel2: artesliteratuur
INT_d9115b04-d9d5-420c-aaac-7dadd43ad95f	hattem_18._diverse_teksten_frans.xml	18. Diverse teksten, Frans	genreLevel1: proza; genreLevel2: proza; subgenreLevel1: artesliteratuur; subgenreLevel2: artesliteratuur
INT_3f0dc16c-d7f5-47a6-886f-486d0864a45e	hattem_19._constantinus_africanus_viatice_.xml	19. Constantinus Africanus 'Viatice'	genreLevel1: proza; genreLevel2: proza; subgenreLevel1: artesliteratuur; subgenreLevel2: artesliteratuur
INT_c014e1a5-7703-4e19-ab3f-f40e5183c6d3	hattem_20._diverse_korte_teksten_doorlopend.xml	20. Diverse korte teksten, doorlopend	genreLevel1: proza; genreLevel2: proza; subgenreLevel1: artesliteratuur; subgenreLevel2: artesliteratuur
INT_a054936e-d116-4975-9204-bdf4d8f78b21	hattem_21._grote_collectie_medische_recepten.xml	21. Grote collectie medische recepten	genreLevel1: proza; genreLevel2: proza; subgenreLevel1: artesliteratuur; subgenreLevel2: artesliteratuur
INT_4e0abbc9-1ad4-4461-a782-2bd27949cb70	hattem_22._naschrift_slash_brandewijnrecept.xml	22. Naschrift / Brandewijnrecept	genreLevel1: proza; genreLevel2: proza; subgenreLevel1: artesliteratuur; subgenreLevel2: artesliteratuur
INT_729b1b49-b3fc-4e81-8ace-c70d15b1a22a	blome_der_doechden.xml	Blome der doechden	genreLevel1: proza
INT_be8b4ee4-e295-423f-9bd8-eadc2e3e832a	boecksken_der_verclaringhe.xml	Boecksken der verclaringhe	genreLevel1: proza
INT_e2f16391-7739-4cce-a233-3236072f4fb9	boeck_van_surgien_hs_dh.xml	Boeck van surgien	genreLevel1: proza
INT_36cdbd33-6083-4872-a2d8-b597408bbe61	boec_van_den_houte_proza.xml	Boec van den houte (prozaversie)	genreLevel1: proza
INT_e6765d2a-e35c-49bb-a7b4-cbbaf78b0617	brieven.xml	Brieven	genreLevel1: proza
INT_247f363e-e314-483f-9146-c0c8b6d11982	cancellierboeck.xml	Cancellierboeck	genreLevel1: proza
INT_66899df0-15a4-40e3-9875-993c850b99a0	chiromantie.xml	Chiromantie (proza)	genreLevel1: proza
INT_e2737bb8-df24-4d13-bf11-f4159482963d	collectief_lunarium.xml	Collectief lunarium (proza)	genreLevel1: proza
INT_79c9f5f8-4de6-4e57-a160-5ff8f7bd303f	cyrurgie_hs_br.xml	Cyrurgie	genreLevel1: proza
INT_e511316f-7fb4-4ed8-94b1-d9409243ab7e	den_droefliken_strijt_van_roncevale.xml	Droefliken strijt van Roncevale	genreLevel1: proza; genreLevel1: poëzie
INT_44d81728-fe8f-45aa-a7f1-888e7adfd8e0	des_coninx_summe.xml	Des coninx summe	genreLevel1: proza
INT_fbd8e8a8-87f5-4fce-bde1-645a9ec5fc25	de_libris_teutonicalibus_hs_b.xml	Verclaringhe vanden duytschen boeken (excerpten), hs Brussel	genreLevel1: proza
INT_4f309913-887f-430a-9078-821c0d7bee1b	de_libris_teutonicalibus_hs_k.xml	Verclaringhe vanden duytschen boeken, hs Kassel	genreLevel1: proza
INT_df47f444-eace-46a1-be24-f8f6ef8a179c	de_libris_teutonicalibus_hs_l.xml	Verclaringhe vanden duytschen boeken (excerpten), hs Leiden	genreLevel1: proza
INT_615cc75c-450e-4626-8467-2caa43c70a47	die_gheestelike_brulocht.xml	Gheestelike brulocht	genreLevel1: proza
INT_080a0318-39d9-405c-ba9d-1196787d7b1a	euangelien_vanden_spinrocke.xml	Euangelien vanden spinrocke	genreLevel1: proza
INT_9d87657d-f89f-48c6-83ea-832682798a88	exempel_van_een_soudaensdochter.xml	Exempel van een soudaensdochter	genreLevel1: proza
INT_30456d8d-af82-4728-a4f3-0c95efd40f56	exordium_magnum.xml	Exordium magnum	genreLevel1: proza
INT_26675bc7-82e1-4dd9-a7a1-01f492377dbe	fysionomie_proza.xml	Fysionomie (proza)	genreLevel1: proza
INT_fd5ab20e-b4c7-47b6-9b75-5e9f26eb338c	gebedenboek.xml	Gebedenboek uit de kring van de Moderne Devotie	genreLevel1: proza
INT_bd4df184-4012-4a22-bc55-dd59e0846958	getijdenboek_van_geert_grote.xml	Getijdenboek van Geert Grote	genreLevel1: proza
INT_f2340200-ec1b-4f6f-a29d-c46eed3becf2	gheesteliken_tabernakel.xml	Vanden gheesteliken tabernakel	genreLevel1: proza
INT_6a9e886c-7517-4d69-8ef6-f6352b89a165	herbarijs.xml	Herbarijs	genreLevel1: proza
INT_8663ea96-ff25-4957-899b-c7694fef6950	historien_van_troyen_aeneisbewerking.xml	Historien van Troyen (Aeneisbewerking)	genreLevel1: proza
INT_c64f09b6-2a87-436e-9405-e1b6342331c3	historie_vanden_ridder_metter_swane.xml	Historie vanden ridder metter swane	genreLevel1: proza
INT_659b8621-093d-4bdb-919f-5b8c9fd56ae6	historie_van_de_borchgravinne_van_vergi.xml	Historie van de borchgravinne van Vergi	genreLevel1: proza; genreLevel1: poëzie
INT_cdc288b9-9eca-4d98-819f-2f0089b0673a	historie_van_de_vier_heemskinderen.xml	Historie vanden vier heemskinderen	genreLevel1: proza
INT_6580d8a2-bf5a-4108-9df1-718cb4f04220	historie_van_die_seuen_wijse_mannen_van_roemen_go.xml	Historie van die seuen wijse mannen van roemen	genreLevel1: proza
INT_24a853a6-0452-4839-9605-4c8240c79bbb	historie_van_floris_ende_blancefloer.xml	Historie van Floris ende Blancefloer	genreLevel1: proza
INT_5c2464ac-12ef-4aa1-8977-c662d36e68e4	historie_van_hughe_van_bordeus.xml	Historie van Hughe van Bordeus	genreLevel1: proza
INT_fef2b846-f966-470b-9d3d-54708f847060	historie_van_jan_van_beverley_1500.xml	Historie van Jan van Beverley	genreLevel1: proza; genreLevel1: poëzie
INT_28259626-5418-4066-be07-0584c1080436	historie_van_malegijs.xml	Historie van Malegijs	genreLevel1: proza
INT_6b6bc900-2aa9-45ee-b598-56ba501af8d2	historie_van_margarieta_van_lymborch.xml	Die schoone hystorie van Margrieten des hertoghen dochter van Lymborch ende van haer broeder Heyndrick	genreLevel1: proza
INT_766c6356-8877-45d0-a82f-f9eb4b9d453a	historie_van_merlijn.xml	Historie van den wonderlicken Merlijn	genreLevel1: proza
INT_3a66d436-4299-44db-be23-7b9006d94366	historie_van_partinoples_van_bleys.xml	Historie van Partinoples - Grave van Bleys	genreLevel1: proza
INT_8fd79010-6644-4644-a200-c6e1f188af3f	horologium_hs_p.xml	Horologium Aeternae Sapientiae	genreLevel1: proza
INT_29bd810e-91eb-4b5c-8d98-edf3750b9695	jonghe_lanfranc.xml	Jonghe Lanfranc	genreLevel1: proza
INT_9fe974c0-661e-4f74-8961-418bf167f285	leringhe_van_orinen.xml	Leringhe van orinen	genreLevel1: proza
INT_38373f8d-8c79-475c-b798-fa73c8dca250	leven_van_sinte_clara.xml	Leven van Sinte Clara	genreLevel1: proza
INT_9517c3d3-bb67-4210-b8ba-0fd054821ebc	leven_van_sint_trudo_proza.xml	Leven van Sint Trudo (proza)	genreLevel1: proza
INT_6a570033-d7d0-47e0-9d57-feb6710107e6	libellum_super_modo_vivendi_hs_n.xml	Libellum super modo vivendi (cap. 7), hs Nijmegen	genreLevel1: proza
INT_d86176d6-e648-41a3-a8fd-61999178f6b8	libellum_super_modo_vivendi_hs_u.xml	Libellum super modo vivendi (cap. 7), hs Utrecht	genreLevel1: proza
INT_8ed36641-1c7b-4865-b494-0210b24d661a	libellum_super_modo_vivendi_hs_w.xml	Libellum super modo vivendi (cap. 7), hs Wenen	genreLevel1: proza
INT_1b88ac62-9a0f-4903-a184-95cc79f914b1	liber_magistri_avicenne.xml	Liber Magistri Avicenne	genreLevel1: proza
INT_d8d19b81-5c6e-47a5-bbc7-36164c858465	limburgse_sermoenen.xml	Limburgse sermoenen	genreLevel1: proza
INT_70c47cf0-5215-4565-b2b6-d1d7aff01911	livre_des_mestiers.xml	Livre des mestiers	genreLevel1: proza
INT_95fc0418-cda0-42b7-a09a-77bfed40078c	marialegenden_en_exempelen.xml	Onser liever vrouwen miraculen	genreLevel1: proza
INT_915f3a3b-6260-469a-9358-cd1a91487580	medicina.xml	Medicina	genreLevel1: proza
INT_e47e2e9d-624b-40b9-9a6b-1d0019d6660c	mellibeus.xml	Mellibeus	genreLevel1: proza
INT_f6dc62e7-e614-4df0-9ea3-cdb1596c8095	noordnederlandse_historiebijbel.xml	Noordnederlandse Historiebijbel	genreLevel1: proza
INT_fdc2d53a-adea-4c8e-87fa-be84890ab568	pater_noster_in_duutsce.xml	Expositie op het Pater Noster	genreLevel1: proza
INT_ab8a997a-dfd9-4add-907c-3ed857f80c86	proza-reinaert.xml	Historie van Reynaert die vos	genreLevel1: proza
INT_c7538082-b652-441c-9e8a-bcf61f8d5a7a	reis_van_jan_van_mandeville.xml	Reis van Jan van Mandeville	genreLevel1: proza
INT_0c1db358-448c-4020-b4c2-0d457a246142	rijcke_der_ghelieven.xml	Rijcke der ghelieven	genreLevel1: proza
INT_0648bf05-8f52-44eb-b906-3f109d598bf2	roman_van_lancelot_proza.xml	Roman van Lancelot (prozaroman)	genreLevel1: proza
INT_ff08b80d-0082-46d6-9c3c-bb8061f2b1df	salomon_ende_marcolphus.xml	Salomon ende Marcolphus	genreLevel1: proza
INT_5004a7ff-78a6-4641-bb01-fe13a7834a00	sidrac.xml	Sidrac	genreLevel1: proza
INT_735bfba9-2ff6-4f65-a246-c539d35cdba7	sint_patricius_vagevuur_hs_h.xml	Sint Patricius' vagevuur (hs. H)	genreLevel1: proza
INT_fdb6817a-7a0a-4320-b9bf-3ba82c99f9cf	sint_patricius_vagevuur_hs_w.xml	Sint Patricius' vagevuur (hs. W), hs Warmond	genreLevel1: proza
INT_ab07f266-72ae-4088-8922-45c5f77b9838	spiegel_der_sonden_proza.xml	Spiegel der sonden (proza)	genreLevel1: proza
INT_40fd9c8a-d136-44c7-9a8f-8d79544ae49a	spieghel_der_eeuwigher_salicheit.xml	Spieghel der eeuwigher salicheit	genreLevel1: proza
INT_45119c9c-a901-4147-9a92-5590f37aeb45	spieghel_der_volcomenheit.xml	Spieghel der volcomenheit	genreLevel1: proza
INT_3c5da590-8bf8-4314-89ee-2b348c5e0bd2	stuttgartse_leven_van_jezus.xml	Stuttgartse leven van Jezus	genreLevel1: proza
INT_75367722-158c-4ae7-a965-72219f3ba5da	tafel_van_den_kersten_ghelove_winterstuk.xml	Tafel van den kersten ghelove (winterstuk)	genreLevel1: proza
INT_8fcaeef8-126b-4a2b-9e60-69d566ca05bb	tafel_van_den_kersten_ghelove_zomerstuk.xml	Tafel van den kersten ghelove (zomerstuk)	genreLevel1: proza
INT_b39b9419-e193-4dbe-9f1e-0730f6b9560c	tondalus_visioen_hs_g.xml	Tondalus' visioen (hs. G)	genreLevel1: proza
INT_e2bebf78-6804-4337-adf6-7a38fd5b615a	tondalus_visioen_hs_h.xml	Tondalus' visioen (hs. H)	genreLevel1: proza
INT_bfc5ea4d-fa95-44e5-a129-f35d78733b2e	tondalus_visioen_hs_n.xml	Tondalus' visioen (hs. N)	genreLevel1: proza
INT_9668280d-21bd-4259-82cb-c746f0164c1d	vanden_blinckenden_steen.xml	Vanden blinckenden steen	genreLevel1: proza
INT_5afcf861-d9ba-4fd8-8e34-c8675232fd37	vanden_kerstenen_ghelove.xml	Vanden kerstenen ghelove	genreLevel1: proza
INT_c41b9df3-e660-4481-9097-b5e0809931f7	vanden_seven_sloten.xml	Vanden seven sloten	genreLevel1: proza
INT_a1e168b8-fda3-42b1-97ce-d70ca9cb5e9b	vanden_twaelf_beghinen.xml	Vanden twaelf beghinen	genreLevel1: proza
INT_71783d3c-c7af-4e43-8287-1eeb43f31d87	vanden_vier_becoringhen.xml	Vanden vier becoringhen	genreLevel1: proza
INT_6341b315-94bb-4f43-ac2e-e9e6e4972bcc	van_de_vier_elementen_en_complexien.xml	Van de vier elementen en complexiën	genreLevel1: proza
INT_e9b73aa1-2572-499b-8393-31a7ebc0ecbf	van_seven_trappen.xml	Van seven trappen	genreLevel1: proza
INT_89851405-338f-48b4-8254-61b853dabaa8	visioenen.xml	Visioenen	genreLevel1: proza
INT_d7790fa5-6d65-492a-887b-8ca24f29344a	bijbelvertaling_van_1360.xml	Bijbelvertaling van 1360, Oude Testament, Zuidnederlandse Historiebijbel, Eerste Historiebijbel	genreLevel1: proza
INT_89e11df2-eedf-4c5a-b7af-1ea53c6cffec	delftse_bijbel.xml	Delftse bijbel van 1477, Bijbel van 1477, Oude Testament	genreLevel1: proza
INT_04c9a820-c616-4ca4-913f-56aadaa7414d	de_imitatione_christi.xml	De imitatione Christi	genreLevel1: proza
INT_0ecf7dde-2ff1-4dbb-80da-3ad9cbc64fb9	lectionarium_van_amsterdam.xml	Amsterdams lectionarium, Lectionarium van Amsterdam	genreLevel1: proza
INT_de807c07-fbf0-4ad7-8e24-5a0262e3f5d7	luikse_leven_van_jezus.xml	Luikse leven van Jezus, Luikse diatessaron, Diatessaron van Luik, Leven van Jezus (L-tekst)	genreLevel1: proza
INT_d3a53600-7b21-4aa8-9aad-f424fa5bbdf0	nieuwe_testament_nndl.xml	Nieuwe Testament (Nndl. vert.)	genreLevel1: proza
INT_71dde2a7-4c76-4a90-8ce6-fef1185377d5	nieuwe_testament_zndl_1.xml	Nieuwe Testament (Zndl. vert.) - deel 1, Vier evangeliën (Zndl. vert.)	genreLevel1: proza
INT_b9b2e439-e5da-44a4-b4e7-593a8648f997	nieuwe_testament_zndl_2.xml	Nieuwe Testament (Zndl. vert.) - deel 2	genreLevel1: proza
INT_e1d02829-e234-4b8c-a391-1273d899c41b	psalmen.xml	Psalmen, Bijbelvertaling van 1360, Oude Testament	genreLevel1: proza
INT_019a92d2-6c0d-431f-a3b4-4702202213d3	pseudo-bonaventura-ludolfiaanse_leven_van_jesus_hs_l1.xml	Pseudo-Bonaventura-Ludolfiaanse Leven van Jesus, Bonaventura-Ludolphiaanse Leven van Jezus, Leven ons heren Ihesu Cristi	genreLevel1: proza
INT_df594d21-2d1e-47e6-905a-7ed0be75fe64	ab_recht_ende_averecht.xml	AB recht ende averecht	genreLevel1: poëzie
INT_ce2d5b07-1833-4953-881b-4a92f73f610d	aiol.xml	Aiol (2) (Vlaamse Aiol)	genreLevel1: poëzie
INT_a520d29d-6ae5-4c2a-91b9-05c1a62e31a0	alexanders_geesten.xml	Alexanders geesten	genreLevel1: poëzie
INT_e7de428c-3c2b-4961-af37-253c1d036cac	anatomie_van_de_mens.xml	Anatomie van de mens	genreLevel1: poëzie
INT_981457f3-b46e-48ad-b44d-ed6cab4a6e46	antwerps_liedboek.xml	Antwerps liedboek	genreLevel1: poëzie
INT_76ec5f39-8c20-4a33-93d2-6e9c0ff64185	arturs_doet.xml	Arturs doet	genreLevel1: poëzie
INT_120d10cd-49e8-447f-9e78-7186ea3cfb06	aubri_de_borgengoen.xml	Aubri de Borgengoen	genreLevel1: poëzie
INT_07457f84-eccb-4062-813e-099667c1885a	baghynken_van_parys.xml	Baghynken van Parys	genreLevel1: poëzie
INT_8f5f4818-1477-4d22-b1dd-0813f213d4cd	barlaam_en_josaphat_fragm_ge.xml	Barlaam en Josaphat, fragment Gent	genreLevel1: poëzie
INT_8ce3c021-108e-400f-8b79-5f5ae1462af3	barlaam_en_josaphat_fragm_go.xml	Barlaam en Josaphat, fragment Göttingen	genreLevel1: poëzie
INT_652596d6-0ffb-42d9-9931-82b4e641dd22	beatrijs.xml	Beatrijs	genreLevel1: poëzie
INT_de6b4926-4691-4440-a464-bc7d0fd5ebdb	bediedenisse_van_der_missen.xml	Bediedenisse van der missen	genreLevel1: poëzie
INT_6b278d13-8f83-4e20-924d-6eab1ed0b4d4	beerte_metten_breden_voeten.xml	Beerte metten breden voeten	genreLevel1: poëzie
INT_d8934e68-c979-4bd2-a67c-354ee6bbfe57	beginsel_der_oorlogen_van_luyck.xml	Beginsel der oorlogen van Luyck	genreLevel1: poëzie
INT_2af8437b-1883-464b-808c-5446e5e31386	berijmd_commentaar_op_het_hooglied_fragm_w.xml	Commentaar op het Hooglied (berijmd)	genreLevel1: poëzie
INT_27726b61-b588-493c-bd21-c1cfe8341d7f	berlijnse_liederenhandschrift.xml	Berlijnse liederenhandschrift	genreLevel1: poëzie
INT_4aa65f3a-63db-4636-86e6-3566cae33f30	boec_exemplaer.xml	Boec Exemplaer	genreLevel1: poëzie
INT_2a15e3ff-3d6e-4f25-9577-fad88a98bfcf	boec_van_den_houte_rijm.xml	Boec van den houte (berijmde versie)	genreLevel1: poëzie
INT_c31cbc59-9125-45f7-a71f-a4425ecd56c3	borchgrave_van_couchi.xml	Borchgrave van Couchi	genreLevel1: poëzie
INT_168dfa31-f88b-41de-8d9f-fb2659038bc5	borchgrave_van_couchi_fragm_a.xml	Borchgrave van Couchi, fragment Arras	genreLevel1: poëzie
INT_751d3276-dadf-4ec6-9840-4fe15de3ac5b	borchgrave_van_couchi_fragm_br.xml	Borchgrave van Couchi, fragment Brussel	genreLevel1: poëzie
INT_ed8df0c7-36c1-427c-93d9-3a762863ce4b	borchgrave_van_couchi_fragm_dp.xml	Borchgrave van Couchi, fragmenten De Pauw	genreLevel1: poëzie
INT_9e311f12-81c0-43af-8683-7f41f668b785	borchgravinne_van_vergi__1.xml	Borchgravinne van Vergi (1)	genreLevel1: poëzie
INT_ba4e83c3-f92c-4fe6-bd87-7be0240ecdae	borchgravinne_van_vergi__2.xml	Borchgravinne van Vergi (2)	genreLevel1: poëzie
INT_f4f77d90-faea-4c41-a4fa-c0cb58be773d	boudewijn_van_seborch_fragm_a.xml	Boudewijn van Seborch, fragment Amsterdam	genreLevel1: poëzie
INT_b1883f85-18f0-48dd-a920-a95c58e23d50	boudewijn_van_seborch_fragm_m.xml	Boudewijn van Seborch, fragment München	genreLevel1: poëzie
INT_308a2491-c67b-40bd-8142-2954c63d2bf1	brabantsche_yeesten__1-5.xml	Brabantsche yeesten (boek 1-5)	genreLevel1: poëzie
INT_2464880c-e883-44a5-9667-e882fc260c01	brabantsche_yeesten__6.xml	Brabantsche yeesten (boek 6)	genreLevel1: poëzie
INT_3599450d-ff29-4aa0-a0ca-15a6b56cd46d	brabantsche_yeesten__7.xml	Brabantsche yeesten (boek 7)	genreLevel1: poëzie
INT_e223e0c0-a2cb-47f9-9692-7625da53cad4	buskenblazer.xml	Buskenblazer	genreLevel1: poëzie
INT_4bcda3fc-ba11-4c1b-8050-8f36c0a3ac1b	chanson_d_aspremont.xml	Chanson d'Aspremont	genreLevel1: poëzie
INT_98a709b3-9f41-4024-bc58-4aae4cacb217	clausule_vander_bible.xml	Clausule vander bible	genreLevel1: poëzie
INT_08a478f9-e307-4449-8578-fcd8a1198a42	collectief_lunarium_i.xml	Collectief lunarium I (berijmd)	genreLevel1: poëzie
INT_3ddc9029-9376-4eef-ba01-c43e01d30530	collectief_lunarium_ii.xml	Cracht der mane I	genreLevel1: poëzie
INT_fb163107-2deb-4f16-9631-c829928c6321	collectief_lunarium_iii.xml	Collectief lunarium III (berijmd)	genreLevel1: poëzie
INT_fddf7c51-8d43-4e88-8d3b-4c55dffaef05	cyromanchie_van_den_pape_van_den_hamme_chiromantie.xml	Cyromanchie van den pape van den Hamme	genreLevel1: poëzie
INT_54a6990b-2a6f-44af-a22f-272a60d5bec2	dat_boec_vander_wraken.xml	Boec vander wraken	genreLevel1: poëzie
INT_3e81f5b2-f5fe-4e9b-8937-96233437597c	derde_martijn.xml	Derde Martijn	genreLevel1: poëzie
INT_f6360c2f-9065-443f-9e54-47e6eaf589f1	der_kerken_claghe.xml	Der kerken claghe	genreLevel1: poëzie
INT_590673c6-9807-4cae-945b-c64fbd445597	der_leken_spieghel.xml	Der leken spieghel	genreLevel1: poëzie
INT_1771397e-6c5f-4340-b69b-27fde321e265	der_mannen_ende_vrouwen_heimelijcheit.xml	Der mannen ende vrouwen heimelijcheit	genreLevel1: poëzie
INT_d5a7d90d-5451-4dea-bc82-603bed23d7a3	der_minnen_loep.xml	Der minnen loep	genreLevel1: poëzie
INT_ef0d64b3-cb2f-4af6-9ae3-c20b6ba0f96b	der_vrouwen_heimelijcheit.xml	Der vrouwen heimelijcheit	genreLevel1: poëzie
INT_aac7808e-ccff-42df-9fa2-d3e8fed1f7a3	der_ystorien_bloeme.xml	Der ystorien bloeme	genreLevel1: poëzie
INT_f853d609-fb5b-45ef-9601-ef8a27ede1c1	devoot_ende_profitelyck_boecxken_h.xml	Devoot ende profitelyck boecxken	genreLevel1: poëzie
INT_e458f12b-447d-4024-a769-457ae812fa0c	de_spieghel_der_menscheliker_behoudenesse.xml	Spieghel der menscheliker behoudenesse	genreLevel1: poëzie
INT_a0c42759-1c3b-4b22-b101-08f3d664ed3e	dietsche_doctrinale.xml	Dietsche doctrinale	genreLevel1: poëzie
INT_14f02a02-7bcd-43ea-a7ab-64898a232ecd	die_dietsche_lucidarius.xml	Dietsche Lucidarius	genreLevel1: poëzie
INT_b749ce3c-9a8f-44c9-9dd3-a41d8faa5f13	dispitacie.xml	Wapene Rogier	genreLevel1: poëzie
INT_23e28b8f-be33-4dd7-91d2-720048702342	disputacie_van_onser_vrouwen.xml	Disputacie van onser Vrouwen ende van den Heilighen Cruce	genreLevel1: poëzie
INT_6e47aebb-5293-43e9-a2d6-f50eb7126b73	drie_daghe_here.xml	Drie daghe here	genreLevel1: poëzie
INT_4fbd0cbe-3213-4bd4-a132-f07896106102	dystorie_van_saladine_h.xml	Dystorie van Saladine	genreLevel1: poëzie
INT_71bec354-6673-4375-b3fe-346d948e4c1f	eerste_martijn.xml	Eerste Martijn	genreLevel1: poëzie
INT_3c460b0a-7e20-48c5-a364-356aedb3718e	esmoreit.xml	Esmoreit	genreLevel1: poëzie
INT_c964e877-0c4d-4d70-a366-752219efa8de	esopet.xml	Esopet	genreLevel1: poëzie
INT_bd73fecb-863f-4e6d-995c-0fade0e99bf3	ferguut.xml	Ferguut	genreLevel1: poëzie
INT_44e4a3b9-0c7c-44f6-a3d5-2a3abe3d67b9	fierabras.xml	Fierabras	genreLevel1: poëzie
INT_4f795dc1-5054-4681-8f7b-34942b30ff8c	flandrijs_fragm_s.xml	Flandrijs	genreLevel1: poëzie
INT_fa092193-34c2-4f49-8a08-f8f23e494c13	floovent.xml	Flovent	genreLevel1: poëzie
INT_67bce578-e0b2-4645-8613-de267f7b08b9	florent_ende_durant.xml	Florent ende Durant	genreLevel1: poëzie
INT_559313e8-20d4-41bc-9cfc-c9b2e1916e3a	florigout_fragm_db.xml	Florigout, fragment Den Bosch	genreLevel1: poëzie
INT_8d193995-5058-4fa2-846e-c6e20a8d66ae	florigout_fragm_l.xml	Florigout, fragment Leeuwarden	genreLevel1: poëzie
INT_04871db8-b4d6-465c-a74d-57665dfc0d4a	floris_ende_blancefloer.xml	Floris ende Blancefloer	genreLevel1: poëzie
INT_348af1b1-09ca-4e4c-aa11-483771193521	frenesie.xml	Frenesie	genreLevel1: poëzie
INT_206dc3f7-940f-4e4c-8b68-af341846268f	fysionomie_rijm.xml	Fysionomie (berijmd)	genreLevel1: poëzie
INT_60a08b65-4eb3-4d07-a0a0-bd2e053a1568	gedichten_hildegaersberch__hs_g.xml	Gedichten (Willem van Hildegaersberch)	genreLevel1: poëzie
INT_8dd114c6-445f-4e5f-a487-be51dde7c05c	gedicht_over_de_hemeltekenen.xml	Gedicht over de hemeltekenen	genreLevel1: poëzie
INT_f9513238-3286-4aec-9eac-c67cef448dc3	geraert_van_viane.xml	Geraert van Viane	genreLevel1: poëzie
INT_42c5d36e-7776-4606-b069-ac1481af179a	gloriant.xml	Gloriant	genreLevel1: poëzie
INT_db3bb91e-a338-45c4-a67d-ed3d9b52d8fa	glose_op_het_sint-jansevangelie.xml	Sinte Jans ewangelium alsoe 't Augustijnken gheexponeert heeft	genreLevel1: poëzie
INT_2e9d18df-598a-4de7-b763-2b8b79bcc7d9	godevaerts_kintshede.xml	Godevaerts kintshede	genreLevel1: poëzie
INT_71784f37-40de-46b6-8ff9-8d2a82368eb0	godevaert_metten_baerde.xml	Godevaert metten baerde	genreLevel1: poëzie
INT_85dce7ed-b5c2-4542-87ed-4f81ef9b3bd5	grimbergse_oorlog.xml	Grimbergse oorlog	genreLevel1: poëzie
INT_c2162d6e-d22d-4734-bcff-a0e6a794e5bc	gruuthuse-handschrift_gebeden.xml	Gruuthuse-handschrift (gebeden en allegorische gedichten)	genreLevel1: poëzie
INT_9fc3e35e-6623-40ea-a25f-8e4ce970f02a	gruuthuse-handschrift_gedichten.xml	Gruuthuse-handschrift (allegorische gedichten)	genreLevel1: poëzie
INT_4b8f5afd-65bb-4c50-b090-a45b28b5a713	gruuthuse-handschrift_liederen.xml	Gruuthuse-handschrift (liederen)	genreLevel1: poëzie
INT_56ba2ee1-24d8-4a24-ab59-73da74c87dc4	gwidekijn_van_sassen.xml	Gwidekijn van Sassen	genreLevel1: poëzie
INT_36da0c4c-c9d0-40c4-9be8-11c8a3a5b67b	haagse_liederenhs.xml	Haagse liederenhandschrift	genreLevel1: poëzie
INT_55c86725-5b7d-480d-a0a1-d4749d0ad731	hexe.xml	Hexe	genreLevel1: poëzie
INT_540f748a-6262-4424-a8f3-55c261e897c9	heymelijchede_der_heymelijcheit.xml	Heymelijchede der heymelijcheit	genreLevel1: poëzie
INT_33aca54e-d41a-4b40-ae00-c7f9e465f208	historie_van_den_grale.xml	Historie van den grale	genreLevel1: poëzie
INT_24c8ddf4-c705-4947-8010-b23a74bb6560	historie_van_gaver_capeel.xml	Historie van Gaver Capeel	genreLevel1: poëzie
INT_2fee8d61-b94e-4384-a704-5035c0e3cfd0	historie_van_troyen.xml	Historie van Troyen	genreLevel1: poëzie
INT_f475a18e-af7e-4288-beca-fc2793d2dcb5	huge_van_bordeeus_fragm_l.xml	Huge van Bordeeus, fragment Leiden	genreLevel1: poëzie
INT_b3dc8175-5a61-4338-9a4b-f4fd33cc93f1	huge_van_bordeeus_fragm_m.xml	Huge van Bordeeus, fragment Middelburg	genreLevel1: poëzie
INT_c36ce773-9761-4164-a34c-f5b4704aa2e5	ierste_musyck_boexken.xml	Ierste musyck boexken	genreLevel1: poëzie
INT_1189af46-ca82-42a0-b9d0-b421000f6cf4	jans_teesteye.xml	Jans teesteye	genreLevel1: poëzie
INT_b203fa58-7af5-46ce-84a7-b3ad0a2f49dd	jan_splinters_testament.xml	Jan Splinters testament	genreLevel1: poëzie
INT_936783ec-da85-477a-8eef-4f6becbbc48b	jonathas_ende_rosafiere.xml	Jonathas ende Rosafiere	genreLevel1: poëzie
INT_71436f77-dba3-456f-a0f9-412779a737b7	karel_ende_elegast.xml	Karel ende Elegast	genreLevel1: poëzie
INT_fdee7ce4-611d-449f-8601-30e788b76e5b	korte_kroniek_van_brabant_korte_versie_1.xml	Korte kroniek van Brabant (korte versie 1)	genreLevel1: poëzie
INT_1026d164-defa-4109-a415-6b30777e6d25	korte_kroniek_van_brabant_korte_versie_2.xml	Vande Hertogen ende Heeren van Brabant	genreLevel1: poëzie
INT_bc09ff0e-4ee3-46b6-b29c-fdef435ae07e	korte_kroniek_van_brabant_lange_versie.xml	Korte kroniek van Brabant (lange versie)	genreLevel1: poëzie
INT_81d65964-55a3-4b16-a514-4c9fac78e825	lanceloet_en_het_hert_met_de_witte_voet.xml	Lanceloet en het hert met de witte voet	genreLevel1: poëzie
INT_86183ffd-2477-4dda-9434-934a0e38292f	lanseloet_van_denemerken.xml	Lanseloet van Denemerken	genreLevel1: poëzie
INT_735784f7-b5c4-4646-ac65-350e14240d0b	lantsloot_van_der_haghedochte.xml	Lantsloot van der Haghedochte	genreLevel1: poëzie
INT_44eac292-d06d-4864-a0c2-9c7bd429c747	lapidarijs.xml	Lapidarijs	genreLevel1: poëzie
INT_1d5c9ed3-2cda-4f8a-8881-4b63e9d24589	leven_van_sint_trudo_rijm.xml	Leven van Sint Trudo (berijming)	genreLevel1: poëzie
INT_2f8ec90f-4afa-4f85-8749-47d4d7c42c81	lion_van_bourges.xml	Lion van Bourges	genreLevel1: poëzie
INT_721b7535-05dc-45f6-9cf7-7935e96d7a20	lippijn.xml	Lippijn	genreLevel1: poëzie
INT_755805a1-bbe6-4b2f-9d3e-fd90def206ca	loyhier_en_malaert_fragm_a.xml	Loyhier en Malaert, fragment Antwerpen	genreLevel1: poëzie
INT_0da46d29-bfbe-4bb7-a000-403530fcd5fd	loyhier_en_malaert_fragm_g.xml	Loyhier en Malaert, fragment Gent	genreLevel1: poëzie
INT_882e367a-c3bb-4aa5-aa02-efa26b4379cd	loyhier_en_malaert_fragm_l1.xml	Loyhier en Malaert, fragment Leiden 1	genreLevel1: poëzie
INT_63c74bd5-4800-4c3d-be60-8f71019f6778	loyhier_en_malaert_fragm_l2.xml	Loyhier en Malaert, fragment Leiden 2	genreLevel1: poëzie
INT_2be081f8-3eae-487a-8a6b-0dc521660a41	lundse_liederen_a.xml	Minnedichten 1, Lundse Liederen A	genreLevel1: poëzie
INT_3b1fc999-5433-49b1-9ecc-1227552eb4b9	lundse_liederen_b.xml	Minnedichten 2, Lundse Liederen B	genreLevel1: poëzie
INT_6d0c5de2-f965-49c8-ba0c-35f83c5d7b72	maanzodiologium.xml	Van der manen zeden	genreLevel1: poëzie
INT_06e6e895-be48-4cac-80af-1033f8c23f52	madelgijs_fragm_a.xml	Madelgijs, fragment Antwerpen	genreLevel1: poëzie
INT_f25ec04b-fce0-4cba-932b-0b71fbd05c4d	madelgijs_fragm_be.xml	Madelgijs, fragment Berlijn	genreLevel1: poëzie
INT_4e022fdd-7d9d-4923-aedd-c3e9abfa2c46	madelgijs_fragm_d.xml	Madelgijs, fragment Düsseldorf	genreLevel1: poëzie
INT_8ab8cb7d-4012-4602-a2fa-567e96f639dd	madelgijs_fragm_g1.xml	Madelgijs, fragment Gent 1	genreLevel1: poëzie
INT_d5d5d2ab-d5dc-43b7-9724-6bb87a624c5c	madelgijs_fragm_g2.xml	Madelgijs, fragment Gent 2	genreLevel1: poëzie
INT_9230b861-c40e-49b0-a60a-b9bc1f50aa41	madelgijs_fragm_le1.xml	Madelgijs, fragment Leiden 1	genreLevel1: poëzie
INT_e4601d71-e538-46ec-b8cf-4abb1b6760c1	madelgijs_fragm_le2.xml	Madelgijs, fragment Leiden 2	genreLevel1: poëzie
INT_10777397-2deb-4318-829c-880f3111d58b	madelgijs_fragm_le3.xml	Madelgijs, fragment Leiden 3	genreLevel1: poëzie
INT_84ef8b81-9d69-4ab4-b1b3-a580086cca28	madelgijs_fragm_le4.xml	Madelgijs, fragment Leiden 4	genreLevel1: poëzie
INT_7682a815-3b40-4149-999a-9078c4e4c837	madelgijs_fragm_lo.xml	Madelgijs, fragment Londen	genreLevel1: poëzie
INT_17480460-38b4-41af-905f-076955068189	madelgijs_fragm_n.xml	Madelgijs, fragment Neurenberg	genreLevel1: poëzie
INT_36ccf340-e4f9-436b-a3cb-efea579782be	madelgijs_fragm_p.xml	Madelgijs, fragment Parijs	genreLevel1: poëzie
INT_e96cf931-fca9-44c7-99f4-4dd5a37603a8	madelgijs_fragm_r.xml	Madelgijs, fragment Rotterdam	genreLevel1: poëzie
INT_0cc7f97c-344a-4173-aaf8-0b686c6d2f9f	melibeus.xml	Melibeus	genreLevel1: poëzie
INT_08f16391-7a88-4b37-b967-4f398e604972	mengeldichten_hadewijch.xml	Mengeldichten I-XVI	genreLevel1: poëzie
INT_bf164558-968d-4c1d-a759-999717b747a3	merlijn-continuatie_fragm_a.xml	Merlijn-continuatie, fragment Leiden	genreLevel1: poëzie
INT_bf34f4de-2435-4df9-a11e-338d4d10fb96	merlijn-continuatie_fragm_ma.xml	Merlijn-continuatie, fragment Maastricht	genreLevel1: poëzie
INT_bd19a4a2-03c4-4b31-94b0-5ebfccd4b70b	merlijn-continuatie_fragm_mu.xml	Merlijn-continuatie. fragment Münster	genreLevel1: poëzie
INT_30b9d2c8-7cab-4205-b9c1-b9d272bb68f7	merlijns_boec.xml	Merlijns boec	genreLevel1: poëzie
INT_aa7ae4a3-7080-441a-bcb2-83bfe8920546	natuurkunde_van_het_geheelal.xml	Natuurkunde van het geheelal	genreLevel1: poëzie
INT_89c2e411-4970-41a9-a080-a39a64f61250	nieuwe_doctrinael.xml	Nieuwe doctrinael	genreLevel1: poëzie
INT_d78c7183-f8ec-4fcd-96f0-374d80c5b6b8	noch_die_tien_ghebode.xml	Noch die tien ghebode	genreLevel1: poëzie
INT_4f03675b-2144-4168-9bad-e3189efbb17a	noch_van_salladine.xml	Noch van Salladine	genreLevel1: poëzie
INT_9019e913-a836-40b9-b065-92051bc78c95	ogier_van_denemarken_fragm_br1.xml	Ogier van Denemarken, fragment Brussel 1	genreLevel1: poëzie
INT_0c267293-5afa-43d4-968e-00d0369509d8	ogier_van_denemarken_fragm_br2.xml	Ogier van Denemarken, fragment Brussel 2	genreLevel1: poëzie
INT_8b26d4c8-b1f2-41ee-bdb7-cab7b3b2e977	ogier_van_denemarken_fragm_k.xml	Ogier van Denemarken, fragment Krakau	genreLevel1: poëzie
INT_8bc7ea24-28f0-4909-b7d5-f58795acc880	ogier_van_denemarken_fragm_l.xml	Ogier van Denemarken, fragment Leuven	genreLevel1: poëzie
INT_2d7317f1-9fa9-4690-89b8-c5bb280c019f	ongeidentificeerd_1.xml	Ongeïdentificeerd (1)	genreLevel1: poëzie
INT_012c536b-2087-436d-a242-68f6e81e97f8	ongeidentificeerd_2.xml	Ongeïdentificeerd (2)	genreLevel1: poëzie
INT_e655b989-43a8-47d1-9129-00ce468359cf	ongeidentificeerd_3.xml	Ongeïdentificeerd (3)	genreLevel1: poëzie
INT_84acc21d-0230-4c6b-ba67-6fb10857e97a	ongeidentificeerd_4.xml	Ongeïdentificeerd (4)	genreLevel1: poëzie
INT_a552087d-ea2c-4f52-86bd-a9b9ba326ae1	ongeidentificeerd_6.xml	Ongeïdentificeerd (6)	genreLevel1: poëzie
INT_af71155c-0845-4c6e-9d40-616f554da582	ongeidentificeerd_fragment.xml	Ongeïdentificeerd fragment	genreLevel1: poëzie
INT_b3f52aad-4261-4a6c-b1f6-fa30b1d42938	ons_heren_passie.xml	Ons heren passie	genreLevel1: poëzie
INT_24fa07cc-f3c5-48ea-853d-a8b1fd274bc9	o_crux_lignum_triumphale.xml	O crux lignum triumphale	genreLevel1: poëzie
INT_d8eb3379-7d85-4c3c-91d7-c5597b8d3ecc	parthonopeus_van_bloys_fragm_be.xml	Parthonopeus van Bloys, fragment Berlijn	genreLevel1: poëzie
INT_e8e74c51-1046-4df9-8520-49b03ebfa1ab	parthonopeus_van_bloys_fragm_br.xml	Parthonopeus van Bloys, fragment Brussel	genreLevel1: poëzie
INT_148d7504-21bb-4c19-b126-d842ac780cde	parthonopeus_van_bloys_fragm_k1.xml	Parthonopeus van Bloys, fragment Keulen 1	genreLevel1: poëzie
INT_929bb760-8745-4f8b-b313-a49a93b32e0d	parthonopeus_van_bloys_fragm_k3.xml	Parthonopeus van Bloys, fragment Keulen 3	genreLevel1: poëzie
INT_75334ee8-3e47-41e2-8c72-10079fb403e4	parthonopeus_van_bloys_fragm_ma.xml	Parthonopeus van Bloys, fragment Maastricht	genreLevel1: poëzie
INT_9688ac1a-263d-4780-91be-f6b1387fa8eb	parthonopeus_van_bloys_fragm_pr.xml	Parthonopeus van Bloys, fragment Praag	genreLevel1: poëzie
INT_291a3055-cb2f-4f76-b3b0-a3915550724d	queeste_van_den_grale.xml	Queeste van den Grale	genreLevel1: poëzie
INT_390eda00-1ef4-4c34-9d6e-9577bb74cb39	reinaerts_historie.xml	Reinaerts historie	genreLevel1: poëzie
INT_dc84c0b2-40bf-4c79-821b-c055fea51aef	renout_van_montalbaen_fragm_be.xml	Renout van Montalbaen, fragment Berlijn	genreLevel1: poëzie
INT_d6b6a901-6caa-4490-9674-9bd07bbef92d	renout_van_montalbaen_fragm_dh.xml	Renout van Montalbaen, fragment Den Haag	genreLevel1: poëzie
INT_e5628377-76d1-4df9-ae73-6217ccd920d2	renout_van_montalbaen_fragm_l.xml	Renout van Montalbaen, fragment Leuven	genreLevel1: poëzie
INT_3e3b16c7-2726-4618-82c3-d63b53fef0ef	renout_van_montalbaen_fragm_s.xml	Renout van Montalbaen, fragment Stockholm	genreLevel1: poëzie
INT_17eb43b4-6199-40cc-9599-03d66f3952ab	rijmkroniek_van_holland.xml	Rijmkroniek van Holland	genreLevel1: poëzie
INT_c1b59bb4-9858-4fc7-8230-77901b694f49	rijmkroniek_van_woeringen.xml	Rijmkroniek van Woeringen	genreLevel1: poëzie
INT_ca640027-293d-4ae7-99c2-166632b31d5d	rijmspreuken.xml	Rijmspreuken	genreLevel1: poëzie
INT_109cc8c8-d96a-487d-8a7c-52354866ba22	rinclus.xml	Rinclus	genreLevel1: poëzie
INT_89fd2a25-d891-4561-8554-781b5d95bda3	roelantslied_fragm_a.xml	Roelantslied, fragment Amsterdam	genreLevel1: poëzie
INT_f040d487-e100-4adb-b97a-b1e9a3cce89f	roelantslied_fragm_br.xml	Roelantslied, fragment Brussel	genreLevel1: poëzie
INT_c7b51301-8c5f-4622-a4af-5b0d6a03e186	roelantslied_fragm_dh.xml	Roelantslied, fragment Den Haag	genreLevel1: poëzie
INT_70df2510-6300-4681-b81d-c72cda3a699a	roelantslied_fragm_ri.xml	Roelantslied, fragment Lille	genreLevel1: poëzie
INT_352dab3d-a45b-47d0-a8b7-3c913a6dff11	roelantslied_fragm_ro.xml	Roelantslied, fragment Rotterdam	genreLevel1: poëzie
INT_3e1ef9a3-dcdb-4e05-afeb-cba75312ba4d	roman_der_lorreinen_fragm_gi.xml	Roman der Lorreinen, fragment Giessen	genreLevel1: poëzie
INT_1ab3b001-9b4d-4570-b109-7e377e7fd5c9	roman_van_antiochie_fragm_g.xml	Roman van Antiochië, fragment Gent	genreLevel1: poëzie
INT_45f79390-9637-4f0c-ac07-d4eb9d2049ea	roman_van_antiochie_fragm_l.xml	Roman van Antiochië, fragment Leuven	genreLevel1: poëzie
INT_68d4bd76-945f-4b17-a18c-1d78c31aa188	roman_van_antiochie_fragm_w.xml	Roman van Antiochië, fragment Wenen	genreLevel1: poëzie
INT_737a103d-1d4b-4558-b3fe-4146265e97a5	roman_van_caesar_fragm_br.xml	Roman van Caesar	genreLevel1: poëzie
INT_82f77588-066e-4e76-975c-5a965c1721e1	roman_van_cassamus__kort_1350.xml	Roman van Cassamus (verkorte versie)	genreLevel1: poëzie
INT_e8768b9f-a7cf-48b1-b4ba-3e68bb4bab1d	roman_van_cassamus__lang_1350.xml	Roman van Cassamus (lange versie)	genreLevel1: poëzie
INT_243fdc36-03ea-4be8-9e36-0dfa30e0ea65	roman_van_cassamus__lang_1360.xml	Roman van Cassamus (lange versie)	genreLevel1: poëzie
INT_b19063b7-7191-4dff-a6ed-dff251463995	roman_van_cassant.xml	Roman van Cassant	genreLevel1: poëzie
INT_b77afcc0-0aa9-4be6-ad1e-865ce8a05122	roman_van_den_riddere_metter_mouwen.xml	Roman van den riddere metter mouwen (verkorte versie)	genreLevel1: poëzie
INT_8ef1f55b-1d95-44f1-aedb-b66601f91589	roman_van_den_riddere_metter_mouwen_fragm_br.xml	Roman van den riddere metter mouwen, fragment Brussel	genreLevel1: poëzie
INT_648e2ae9-ac61-47c3-9b5d-e375c2d2a011	roman_van_florimont.xml	Roman van Florimont	genreLevel1: poëzie
INT_7441ffeb-e5aa-499f-986d-a8d3a34b3436	roman_van_iechemas.xml	Roman van Iechemas	genreLevel1: poëzie
INT_78929002-3459-4f43-876d-f0816c3b9886	roman_van_jonathas_ende_rosafiere_fragm_a.xml	Roman van Jonathas ende Rosafiere, fragment Amsterdam	genreLevel1: poëzie
INT_411a49e2-f031-4309-b13d-8f5bfbe29788	roman_van_jonathas_ende_rosafiere_fragm_g.xml	Roman van Jonathas ende Rosafiere, fragment Gent	genreLevel1: poëzie
INT_64371173-31e3-4bc6-becc-bef16142bdce	roman_van_lancelot_fragm_br.xml	Roman van Lancelot, fragment Brussel	genreLevel1: poëzie
INT_b94d9aaf-105c-45f3-ad2b-2ab854ef880a	roman_van_lancelot_rijm.xml	Roman van Lancelot, Haagse codex	genreLevel1: poëzie
INT_86516127-0d9d-4666-b1b7-5964d5867506	roman_van_limborch.xml	Roman van Limborch	genreLevel1: poëzie
INT_f1abe088-010d-44e0-8137-a66136b99a96	roman_van_moriaen.xml	Roman van Moriaen	genreLevel1: poëzie
INT_b44198eb-5a2f-466e-baaa-08ba058b65a1	roman_van_perchevael.xml	Roman van Perchevael	genreLevel1: poëzie
INT_7530983b-df7f-473f-8693-406d535019ea	roman_van_perchevael_fragm_br.xml	Roman van Perchevael, fragment Brussel	genreLevel1: poëzie
INT_7e6a4db4-43ca-44aa-a9f6-45f5856b1928	roman_van_saladin.xml	Roman van Saladin	genreLevel1: poëzie
INT_220ccb34-7c52-48ec-ada6-5dcb561a3b1f	roman_van_torec.xml	Roman van Torec	genreLevel1: poëzie
INT_feebe687-0908-4cde-a825-6f0f5b37941f	roman_van_walewein.xml	Roman van Walewein	genreLevel1: poëzie
INT_144a5fe0-ca3e-490f-9c29-c8cbad0e11de	rose.xml	Rose	genreLevel1: poëzie
INT_6269c21d-e04c-4248-b070-84cfb264a258	rubben.xml	Rubben	genreLevel1: poëzie
INT_519cbb76-ba37-45e7-85c2-bb355feb3896	schepping.xml	Schepping	genreLevel1: poëzie
INT_75feb76b-671a-4d31-90b5-6b994b45b7dc	segheliin_van_jerusalem.xml	Segheliin van Jerusalem	genreLevel1: poëzie
INT_245d8034-5eb4-4c86-a1a8-844fc4cdf728	sinte_franciscus_leven.xml	Sinte Franciscus leven	genreLevel1: poëzie
INT_530a1b40-9572-4da2-a1d8-7f6df3cfe710	sinte_kunera.xml	Sinte Kunera	genreLevel1: poëzie
INT_e1c5ce08-42be-4267-a57d-d6fecb0b976d	sint_patricius_vagevuur.xml	Sint Patricius' vagevuur (berijming)	genreLevel1: poëzie
INT_155d2f44-027c-4f9e-8b0b-a57e784e9cda	sint_servaes.xml	Sint Servaes legende	genreLevel1: poëzie
INT_efa514f9-79dc-4006-bf23-fb58d1fffc54	slag_van_crecy.xml	Slag van Crecy	genreLevel1: poëzie
INT_2b84496c-0fab-4f8c-b213-647a25db2ae6	speghel_der_wijsheit.xml	Speghel der wijsheit	genreLevel1: poëzie
INT_e283d585-a9b6-457d-8b06-63e2142fed8e	spel_van_abraham_en_sara.xml	Spel van Abraham en Sara	genreLevel1: poëzie
INT_29adb9fb-c39a-4188-ad50-859d4c554772	spel_van_de_antichrist.xml	Spel van de Antichrist	genreLevel1: poëzie
INT_127ec890-90c9-4066-ab5e-3769f7da3317	spiegel_der_jongers.xml	Spiegel der jongers	genreLevel1: poëzie
INT_27c709bd-324a-4100-8093-1abceaa1a4ed	spiegel_der_sonden_fragm_ge1.xml	Spiegel der sonden (berijming), fragment Gent 1	genreLevel1: poëzie
INT_f9d742e8-27ca-4902-aa51-4d5101b03c10	spiegel_der_sonden_fragm_ge2.xml	Spiegel der sonden (berijming), fragment Gent 2	genreLevel1: poëzie
INT_59dbce8d-6af0-476a-ba48-07c20feb62f7	spiegel_der_sonden_fragm_mu.xml	Spiegel der sonden (berijming), fragment Münster	genreLevel1: poëzie
INT_5ea55cb3-f38a-4a9b-aca0-033859384a3c	spiegel_der_sonden_rijm.xml	Spiegel der sonden (berijming)	genreLevel1: poëzie
INT_3ec664dd-3760-4398-b26c-7dbad70eb5f6	spiegel_historiael__1_3_4_maerlant.xml	Spiegel historiael (eerste partie / derde partie / vierde partie [aandeel Maerlant])	genreLevel1: poëzie
INT_49fb151c-d9cb-42bb-9185-0838cc419261	spiegel_historiael__2.xml	Spiegel historiael (tweede partie), fragment Wenen	genreLevel1: poëzie
INT_3be53cea-e2d2-4209-95d5-7989945a22b1	spiegel_historiael__2_fragm_ah.xml	Spiegel historiael (tweede partie), fragment Anholt	genreLevel1: poëzie
INT_0c24aee9-ab3e-47c9-98c2-2165eb45bce4	spiegel_historiael__2_fragm_an.xml	Spiegel historiael (tweede partie), Antwerpen	genreLevel1: poëzie
INT_5f77fe23-1167-42a1-beca-2f26a52e96f3	spiegel_historiael__2_fragm_brg.xml	Spiegel historiael (tweede partie), fragment Brugge	genreLevel1: poëzie
INT_0922878d-5f3c-42b7-b2fc-42b48fb4efb9	spiegel_historiael__2_fragm_brs.xml	Spiegel historiael (tweede partie), fragment Brussel	genreLevel1: poëzie
INT_5f52a258-3020-4733-aa08-a682591709de	spiegel_historiael__2_fragm_d.xml	Spiegel historiael (tweede partie), fragment Düsseldorf	genreLevel1: poëzie
INT_9f08d8dc-c988-4e2a-a414-e5b23e54cbf1	spiegel_historiael__2_fragm_ge1.xml	Spiegel historiael (tweede partie), fragment Gent	genreLevel1: poëzie
INT_be21a636-d5c0-444f-8105-6b308fa0199b	spiegel_historiael__2_fragm_l.xml	Spiegel historiael (tweede partie), fragment Leiden	genreLevel1: poëzie
INT_06b9dc8e-8a5e-4379-94bf-8aa38a2c5b57	spiegel_historiael__4_velthem__fragm_be.xml	Spiegel historiael (vierde partie [aandeel Velthem]), fragment Berlijn	genreLevel1: poëzie
INT_7918c437-5506-427f-9b5b-5e812b5c0853	spiegel_historiael__4_velthem__fragm_brs.xml	Spiegel historiael (vierde partie [aandeel Velthem]), fragment Brussel	genreLevel1: poëzie
INT_7c674a93-bdcd-468c-90ae-0b41e3ce6899	spiegel_historiael__4_velthem__fragm_ge1.xml	Spiegel historiael (vierde partie [aandeel Velthem]), fragment Gent 1	genreLevel1: poëzie
INT_08182683-2917-41af-bf23-42df94ae55f6	spiegel_historiael__4_velthem__fragm_ge3.xml	Spiegel historiael (vierde partie [aandeel Velthem]), fragment Gent 3	genreLevel1: poëzie
INT_28bbcb7f-23dc-426a-9342-89fd6fc164f5	spiegel_historiael__4_velthem__fragm_ge4.xml	Spiegel historiael (vierde partie [aandeel Velthem]), fragment Gent 4	genreLevel1: poëzie
INT_c557efb3-d18c-428d-a708-27821938f511	spiegel_historiael__4_velthem__fragm_ge5.xml	Spiegel historiael (vierde partie [aandeel Velthem]), fragment Gent 5	genreLevel1: poëzie
INT_18bac14b-85e6-43a9-a436-72d871628e8e	spiegel_historiael__4_velthem__fragm_ge6.xml	Spiegel historiael (vierde partie [aandeel Velthem]), fragment Gent 6	genreLevel1: poëzie
INT_21da2232-87ec-47b5-b22a-671bce555ac5	spiegel_historiael__4_velthem__fragm_ge7.xml	Spiegel historiael (vierde partie [aandeel Velthem]), fragment Gent 7	genreLevel1: poëzie
INT_0c180d8f-fc3d-43da-bad5-25ea1dbdede7	spiegel_historiael__4_velthem__fragm_l.xml	Spiegel historiael (vierde partie [aandeel Velthem]), fragment Leiden	genreLevel1: poëzie
INT_d117b4a9-12f9-42b5-980f-a62b224ce66b	spiegel_historiael__4_velthem__fragm_m.xml	Spiegel historiael (vierde partie [aandeel Velthem]), fragment Mainz	genreLevel1: poëzie
INT_828ddf82-8786-4ad5-a44b-66d36df0588d	spiegel_historiael__4_velthem__fragm_we.xml	Spiegel historiael (vierde partie [aandeel Velthem]), fragment Wenen	genreLevel1: poëzie
INT_1dc5dc96-959a-445e-9a28-369599e26658	spiegel_historiael__4_velthem__fragm_wr.xml	Spiegel historiael (vierde partie [aandeel Velthem]), fragment Wroclaw	genreLevel1: poëzie
INT_2926ed90-08a4-4618-b8c3-04db5420f3ed	spiegel_historiael__5.xml	Spiegel historiael (vijfde partie)	genreLevel1: poëzie
INT_96573209-0252-420e-a87d-746055c2660a	strofische_gedichten.xml	Strofische gedichten (Hadewijch)	genreLevel1: poëzie
INT_8cad63e7-ca77-4477-883f-9fd52fb851a3	suverlijc_boecxken.xml	Suverlijc boecxken	genreLevel1: poëzie
INT_77540871-6e12-4d45-954c-6e7f04bc901d	theophilus.xml	Theophilus	genreLevel1: poëzie
INT_045c1e13-d5dd-4fb3-9727-827733913450	tien_plaghen.xml	Tien plaghen ende die tien ghebode	genreLevel1: poëzie
INT_894ea33e-52eb-4361-bf45-c0fc06b290d1	truwanten.xml	Truwanten	genreLevel1: poëzie
INT_1513356d-2c0f-420a-9829-cfc0df219aab	tvveeste_musyck_boexken.xml	Tvveeste musyck boexken	genreLevel1: poëzie
INT_ab75a1bc-f63d-4a7f-9ab4-1358385004d1	tweede_martijn.xml	Tweede Martijn	genreLevel1: poëzie
INT_320a64c9-816f-44b6-b03d-a1af4eac45cd	valentijn_en_nameloos_fragm_be.xml	Valentijn en Nameloos, fragment Berlijn	genreLevel1: poëzie
INT_bc78c754-dc69-4519-8f56-a2a055d29160	valentijn_en_nameloos_fragm_ge.xml	Valentijn en Nameloos, fragment Gent	genreLevel1: poëzie
INT_aefb3a26-5702-499c-a0a5-2b785819fc2b	vanden_levene_ons_heren.xml	Vanden levene ons heren	genreLevel1: poëzie
INT_f2b84bb9-9d41-484f-885e-933cb955e9bc	vanden_vier_vingheren_ende_vanden_dume.xml	Expositie vanden viere vingheren ende vanden dume	genreLevel1: poëzie
INT_882d62a8-4854-4491-aa38-d17ac1ad0a36	vanden_winter_ende_vanden_somer.xml	Vanden winter ende vanden somer	genreLevel1: poëzie
INT_fd62b98a-64b1-4f84-9a95-e5d03e00377d	vander_rijcheit_ende_vander_doot.xml	Vander rijcheit ende vander doot	genreLevel1: poëzie
INT_4088d6a0-119a-42ac-93e4-f69925d8db89	van_den_derden_eduwaert.xml	Van den derden Eduwaert	genreLevel1: poëzie
INT_1a6c2ace-9d10-42fb-9acc-587b91471e75	van_den_lande_van_over_zee.xml	Van den lande van over zee	genreLevel1: poëzie
INT_77c6934e-4fab-4f0a-bead-0970ca842d32	van_den_neghen_besten__kort.xml	Van den neghen besten (korte versie)	genreLevel1: poëzie
INT_0c1af0c3-ac28-4136-8c29-062b1132ea75	van_den_neghen_besten__lang.xml	Van den neghen besten (lange versie)	genreLevel1: poëzie
INT_af0d73ab-4c26-4173-bc0a-442616f7d08b	van_den_verkeerden_martijn.xml	Van den verkeerden Martijn	genreLevel1: poëzie
INT_718c99e6-5255-49bf-b3fb-cdbbb4f81754	van_den_vii_vroeden_van_binnen_rome.xml	Van den VII Vroeden van binnen Rome	genreLevel1: poëzie
INT_1164f729-1c03-48c8-a008-908dc51d4928	van_den_vijf_vrouden.xml	Van den vijf vrouden	genreLevel1: poëzie
INT_68d11107-06d3-488a-8c77-4bf95587fb46	van_den_vos_reynaerde.xml	Van den vos Reynaerde	genreLevel1: poëzie
INT_dc163525-a71e-43f1-80cb-97a67f0d469d	van_der_wive_wonderlijcheit_kort.xml	Noch meer van wiven	genreLevel1: poëzie
INT_afe2dc1b-6952-4b5c-981b-6494c62404b1	van_der_wive_wonderlijcheit_lang.xml	Van der wive wonderlijcheit (lange versie)	genreLevel1: poëzie
INT_05779707-961a-423f-9dcc-4c5f918048fc	van_ghevene.xml	Van ghevene	genreLevel1: poëzie
INT_d657ab6a-a88e-488c-bfa3-8ae08d30cfe7	van_maskeroen.xml	Van Maskeroen	genreLevel1: poëzie
INT_d35e6baa-0c90-4d18-9bad-0db902438c3f	van_ons_heren_wonden.xml	Van ons heren wonden	genreLevel1: poëzie
INT_9ef67b27-3092-4cdd-b143-3e8d82e4ee21	van_saladijn.xml	Van Saladijn	genreLevel1: poëzie
INT_101914f9-b1cb-4427-ba2d-b9ecb0d9b7cc	van_sente_brandane.xml	Van sente Brandane	genreLevel1: poëzie
INT_ee931413-70bf-4290-9337-78bc3fb4101a	van_ses_vaerwen.xml	Van ses vaerwen ende twaelf outheyden	genreLevel1: poëzie
INT_755cb201-9520-4ac2-8099-222bea6408a0	van_smeinscen_lede.xml	Van smeinscen lede	genreLevel1: poëzie
INT_6fc353a6-e969-4110-9b2a-f83358fb32ae	vierde_martijn.xml	Vierde Martijn	genreLevel1: poëzie
INT_8f1bdfb9-0bf9-45c9-ba96-764e0fd321af	vlaamse_rose_fragm_beu.xml	Vlaamse Rose	genreLevel1: poëzie
INT_f7eb888b-ef43-4139-a9f6-9213f6db6f2c	walewein_ende_keye.xml	Walewein ende Keye	genreLevel1: poëzie
INT_95ee6b55-8063-43cb-91c3-1636c3db9212	willem_van_oringen.xml	Willem van Oringen	genreLevel1: poëzie
INT_e038f847-231c-481f-a188-cef475c0b54a	wrake_van_ragisel.xml	Wrake van Ragisel (verkorte versie)	genreLevel1: poëzie
INT_1fd90949-ddb5-44e5-99e2-059018fc06ea	wrake_van_ragisel_fragm_d1.xml	Wrake van Ragisel	genreLevel1: poëzie
